1,1,10,5,,182,SI
2,1,11,4,,212,SI
3,1,12,4,,243,SI
4,1,13,4,,273,SI
5,1,14,5,,304,SI
6,1,15,5,,334,SI
7,1,16,7,,365,SI
8,1,17,4,,365,SI
9,1,18,4,,365,SI
10,1,19,4,,547,SI
11,1,20,4,,608,NO
12,1,21,,,669,NO
13,1,22,8,,730,SI
14,1,26,8,,1095,SI
15,4,22,9,,730,SI
16,4,23,4,,821,SI
17,4,24,6,,912,SI
18,4,26,13,,1095,SI
19,4,27,4,,1186,SI
20,4,30,12,,1460,SI
21,4,31,4,,1551,SI
22,4,34,10,,1825,SI
23,4,35,5,,2190,SI
24,4,36,5,,2555,SI
25,4,37,9,,2920,SI
26,4,38,9,,3285,SI
27,4,39,5,,3650,SI
28,4,40,5,,4015,SI
29,6,1,6,,2,SI
30,6,2,5,,7,SI
31,6,3,4,,14,SI
32,6,4,4,,21,SI
33,6,5,6,,30,SI
34,6,6,7,,60,SI
35,6,7,7,,91,SI
36,6,8,7,,121,SI
37,54,9,1,,152,SI
38,6,10,8,,182,SI
39,6,11,7,,212,SI
40,6,12,6,,243,SI
41,6,13,6,,273,SI
42,6,14,6,,304,SI
43,6,15,6,,334,SI
44,6,16,11,,365,SI
45,6,17,7,,425,SI
46,6,18,7,,486,SI
47,6,19,7,,547,SI
48,6,20,6,,608,SI
49,6,21,6,,669,SI
50,6,22,12,,730,SI
51,6,23,5,,821,SI
52,6,24,9,,912,SI
53,6,25,4,,1003,SI
54,6,26,16,,1095,SI
55,6,27,7,,1186,SI
56,6,28,5,,1277,SI
57,6,29,4,,1368,SI
58,6,30,17,,1460,SI
59,6,31,7,,1551,SI
60,6,32,5,,1642,SI
61,6,33,4,,1733,SI
62,6,34,13,,1825,SI
63,6,35,8,,2190,SI
64,6,36,8,,2555,SI
65,6,37,12,,2920,SI
66,6,38,12,,3285,SI
67,6,39,13,,3650,SI
68,6,40,12,,4015,SI
69,8,10,4,,182,SI
70,8,16,5,,365,SI
71,8,22,4,,730,SI
72,8,26,6,,1095,SI
73,8,30,6,,1460,SI
74,10,16,6,test de graham y seriado de heces,365,SI
75,10,22,5,test de graham y seriado de heces,730,SI
76,10,26,7,test de graham y seriado de heces,1095,SI
77,10,30,7,test de graham y seriado de heces,1460,SI
78,10,34,5,test de graham y seriado de heces,1825,SI
79,10,35,3,Solo Seriado de heces,2190,SI
80,10,36,3,Solo Seriado de heces,2555,SI
81,10,37,3,Solo Seriado de heces,2920,SI
82,10,38,3,Solo Seriado de heces,3285,SI
83,10,39,3,Solo seriado de heces,3650,SI
84,10,40,3,Solo Seriado de heces,4015,SI
85,18,26,4,,1095,SI
86,18,30,4,,1460,SI
87,18,34,3,,1825,SI
88,22,5,2,,30,SI
89,22,6,2,,60,SI
90,22,7,2,,91,SI
91,22,8,2,,121,SI
92,22,9,2,,152,SI
93,22,10,2,,182,SI
94,22,11,2,,212,SI
95,22,12,2,,243,SI
96,22,13,2,,273,SI
97,22,14,2,,304,SI
98,22,15,2,,334,SI
99,22,16,2,,365,SI
100,22,17,2,,425,SI
101,22,18,2,,486,SI
102,22,19,2,,547,SI
103,22,20,2,,608,SI
104,22,21,2,,669,SI
105,22,22,2,,730,SI
106,22,23,2,,821,SI
107,22,24,2,,912,SI
108,22,25,2,,1003,SI
109,22,26,2,,1095,SI
110,22,27,2,,1186,SI
111,22,28,2,,1277,SI
112,22,29,2,,1368,SI
113,22,30,2,,1460,SI
114,22,31,2,,1551,SI
115,22,32,2,,1642,SI
116,22,33,2,,1733,SI
117,22,34,1,,1825,SI
118,22,35,1,,2190,SI
119,22,36,1,,2555,SI
120,22,37,1,,2920,SI
121,22,38,1,,3285,SI
122,22,39,1,,3650,SI
123,22,40,2,,4015,SI
124,23,1,2,,2,SI
125,23,2,2,,7,SI
126,23,3,2,,14,SI
127,23,4,2,,21,SI
128,25,26,5,,1095,SI
129,25,30,5,,1460,SI
130,25,34,4,,1825,SI
131,26,5,4,,30,SI
132,26,6,4,,60,SI
133,26,7,6,,91,SI
134,26,8,4,,121,SI
135,29,9,3,,152,SI
136,26,10,6,,182,SI
137,26,11,5,,212,SI
138,26,12,5,,243,SI
139,26,13,5,,273,SI
140,26,14,4,,304,SI
141,26,15,4,,334,SI
142,26,16,4,,365,SI
143,26,17,5,,425,SI
144,26,18,5,,486,SI
145,26,19,5,,547,SI
146,26,20,5,,608,SI
147,26,21,5,,669,SI
148,26,22,6,,730,SI
149,26,24,4,,912,SI
150,26,26,10,,1095,SI
151,26,30,10,,1460,SI
152,26,34,7,,1825,SI
153,53,2,1,,7,SI
154,53,3,1,,14,SI
155,53,4,1,,21,SI
156,53,5,1,,30,SI
157,53,6,1,,60,SI
158,54,7,1,,91,SI
159,54,8,1,,121,SI
160,1,9,4,Tratamiento de hierro RN<2500 gr y/o prematuro,152,SI
161,54,10,1,,182,SI
162,54,11,1,,212,SI
163,54,12,1,,243,SI
164,54,13,1,,273,SI
165,54,14,1,,304,SI
166,54,15,1,,334,SI
167,54,16,1,,365,SI
168,54,17,1,,425,SI
169,54,18,1,,486,SI
170,54,19,1,,547,SI
171,54,20,1,,608,SI
172,54,21,1,,669,SI
173,54,22,1,,730,SI
174,54,23,1,,821,SI
175,54,24,1,,912,SI
176,54,25,1,,1003,SI
177,54,26,1,,1095,SI
178,54,27,1,,1186,SI
179,54,28,1,,1277,SI
180,54,29,1,,1368,SI
181,54,30,1,,1460,SI
182,54,31,1,,1551,SI
183,54,32,1,,1642,SI
184,54,33,1,,1733,SI
185,27,37,6,,2920,SI
186,27,38,6,,3285,SI
187,27,39,9,,3650,SI
188,27,40,9,,4015,SI
189,29,1,3,,2,SI
190,29,2,3,,7,SI
191,29,3,3,,14,SI
192,29,4,3,,21,SI
193,29,5,3,,30,SI
194,29,6,3,,60,SI
195,29,7,3,,91,SI
196,29,8,3,,121,SI
197,26,9,5,,152,SI
198,29,10,3,,182,SI
199,29,11,3,,212,SI
200,29,12,3,,243,SI
201,29,13,3,,273,SI
202,29,14,3,,304,SI
203,29,15,3,,334,SI
204,29,16,3,,365,SI
205,29,17,3,,425,SI
206,29,18,3,,486,SI
207,29,19,3,,547,SI
208,29,20,3,,608,SI
209,29,21,3,,669,SI
210,29,22,3,,730,SI
211,29,23,3,,821,SI
212,29,24,3,,912,SI
213,29,25,3,,1003,SI
214,29,26,3,,1095,SI
215,29,27,3,,1186,SI
216,29,28,3,,1277,SI
217,29,29,3,,1368,SI
218,29,30,3,,1460,SI
219,29,31,3,,1551,SI
220,29,32,3,,1642,SI
221,29,33,3,,1733,SI
222,29,34,2,,1825,SI
223,29,35,2,,2190,SI
224,29,36,2,,2555,SI
225,29,37,2,,2920,SI
226,29,38,2,,3285,SI
227,29,39,2,,3650,SI
228,29,40,2,,4015,SI
229,34,6,6,,60,SI
230,34,8,6,,121,SI
231,34,10,7,,182,SI
232,34,11,6,,212,SI
233,34,16,10,,365,SI
234,34,17,6,,425,SI
235,34,18,6,,486,SI
236,34,19,6,,547,SI
237,34,30,16,,1460,SI
238,34,39,12,,3650,SI
239,37,22,10,,730,SI
240,37,23,6,,821,SI
241,37,24,7,,912,SI
242,37,26,14,,1095,SI
243,37,27,5,,1186,SI
244,37,30,13,,1460,SI
245,37,31,5,,1551,SI
246,37,34,11,,1825,SI
247,37,35,6,,2190,SI
248,37,36,6,,2555,SI
249,37,37,10,,2920,SI
250,37,38,10,,3285,SI
251,37,39,6,,3650,SI
252,37,40,6,,4015,SI
253,38,22,7,,730,SI
254,38,26,11,,1095,SI
255,38,30,7,,1460,SI
256,38,34,8,,1825,SI
257,38,37,4,,2920,SI
258,38,38,4,,3285,SI
259,38,39,4,,3650,SI
260,38,40,4,,4015,SI
261,41,2,4,,7,SI
262,41,16,8,,365,SI
263,41,26,9,,1095,SI
264,41,30,9,,1460,SI
265,41,34,6,,1825,SI
266,44,1,5,,2,SI
267,44,1,6,,7,SI
268,44,3,5,,14,SI
269,44,4,5,,21,SI
270,44,5,7,,30,SI
271,44,6,8,,60,SI
272,44,7,8,,91,SI
273,44,8,8,,121,SI
274,6,9,6,,152,SI
275,44,10,9,,182,SI
276,44,11,8,,212,SI
277,44,12,7,,243,SI
278,44,13,7,,273,SI
279,44,14,7,,304,SI
280,44,15,7,,334,SI
281,44,16,12,,365,SI
282,44,17,8,,425,SI
283,44,18,8,,486,SI
284,44,19,8,,547,SI
285,44,20,7,,608,SI
286,44,21,7,,669,SI
287,44,22,13,,730,SI
288,44,23,7,,821,SI
289,44,24,10,,912,SI
290,44,25,5,,1003,SI
291,44,26,17,,1095,SI
292,44,27,8,,1186,SI
293,44,28,6,,1277,SI
294,44,29,5,,1368,SI
295,44,30,18,,1460,SI
296,44,31,8,,1551,SI
297,44,32,6,,1642,SI
298,44,33,5,,1733,SI
299,44,34,14,,1825,SI
300,44,35,9,,2190,SI
301,44,36,9,,2555,SI
302,44,37,13,,2920,SI
303,44,38,13,,3285,SI
304,44,39,14,,3650,SI
305,44,40,13,,4015,SI
306,46,1,4,,2,SI
307,49,22,11,,730,SI
308,49,23,8,,821,SI
309,49,24,8,,912,SI
310,49,26,15,,1095,SI
311,49,27,6,,1186,SI
312,49,30,14,,1460,SI
313,49,31,6,,1551,SI
314,49,34,12,,1825,SI
315,49,35,7,,2190,SI
316,49,36,7,,2555,SI
317,49,37,11,,2920,SI
318,49,38,11,,3285,SI
319,49,39,7,,3650,SI
320,49,40,7,,4015,SI
321,51,16,13,1 vez al año,365,SI
322,48,16,9,,365,SI
323,48,26,12,,1095,SI
324,48,30,15,,1460,SI
325,48,34,9,,1825,SI
326,48,35,4,,2190,SI
327,48,36,4,,2555,SI
328,48,37,5,,2920,SI
329,48,38,5,,3285,SI
330,48,39,8,,3650,SI
331,48,40,8,,4015,SI
332,53,1,1,,2,SI
333,51,22,14,1 vez al año,730,SI
334,51,26,18,1 vez al año,1095,SI
335,51,30,19,1 vez al año,1460,SI
336,51,34,15,1 vez al año,1825,SI
337,51,35,10,1 vez al año,2190,SI
338,51,36,10,1 vez al año,2555,SI
339,51,37,14,1 vez al año,2920,SI
340,51,38,14,1 vez al año,3285,SI
341,51,39,15,1 vez al año,3650,SI
342,51,40,14,1 vez al año,4015,SI
343,1,5,5,Tratamiento de hierro RN<2500 gr y/o prematuro,30,SI
344,1,6,5,Tratamiento de hierro RN<2500 gr y/o prematuro,60,SI
345,1,7,5,Tratamiento de hierro RN<2500 gr y/o prematuro,91,SI
346,1,8,5,Tratamiento de hierro RN<2500 gr y/o prematuro,121,SI
347,44,9,7,,152,SI
348,1,24,5,,912,SI
349,1,28,4,,1277,SI
350,1,30,11,,1460,SI
351,1,32,4,,1642,SI
352,3,65,,,0,SI
353,4,19,,,547,NO
354,8,19,,,547,NO
355,10,19,,,547,NO
356,18,19,,,547,NO
357,23,19,,,547,NO
358,25,19,,,547,NO
359,27,19,,,547,NO
360,29,19,,,547,NO
361,34,19,,,547,NO
362,37,19,,,547,NO
363,38,19,,,547,NO
364,41,19,,,547,NO
365,44,19,,,547,NO
366,46,19,,,547,NO
367,48,19,,,547,NO
368,49,19,,,547,NO
369,51,19,,,547,NO
370,53,19,,,547,NO
371,18,22,,,730,NO
372,23,22,,,730,NO
373,25,22,,,730,NO
374,27,22,,,730,NO
375,34,22,,,730,NO
376,41,22,,,730,NO
377,46,22,,,730,NO
378,48,22,,,730,NO
379,53,22,,,730,NO
380,1,23,,,821,NO
381,8,23,,,821,NO
382,10,23,,,821,NO
383,18,23,,,821,NO
384,23,23,,,821,NO
385,25,23,,,821,NO
386,26,23,,,821,NO
387,27,23,,,821,NO
388,34,23,,,821,NO
389,38,23,,,821,NO
390,41,23,,,821,NO
391,46,23,,,821,NO
392,48,23,,,821,NO
393,51,23,,,821,NO
394,53,23,,,821,NO
395,8,24,,,912,NO
396,10,24,,,912,NO
397,18,24,,,912,NO
398,1,27,,,1186,NO
399,8,27,,,1186,NO
400,10,27,,,1186,NO
401,18,27,,,1186,NO
402,23,27,,,1186,NO
403,25,27,,,1186,NO
404,26,27,,,1186,NO
405,27,27,,,1186,NO
406,34,27,,,1186,NO
407,38,27,,,1186,NO
408,41,27,,,1186,NO
409,46,27,,,1186,NO
410,48,27,,,1186,NO
411,51,27,,,1186,NO
412,53,27,,,1186,NO
413,4,28,,,1277,NO
414,8,28,,,1277,NO
415,10,28,,,1277,NO
416,18,28,,,1277,NO
417,23,28,,,1277,NO
418,25,28,,,1277,NO
419,26,28,,,1277,NO
420,27,28,,,1277,NO
421,34,28,,,1277,NO
422,37,28,,,1277,NO
423,38,28,,,1277,NO
424,41,28,,,1277,NO
425,46,28,,,1277,NO
426,48,28,,,1277,NO
427,49,28,,,1277,NO
428,51,28,,,1277,NO
429,53,28,,,1277,NO
430,1,29,,,1368,NO
431,4,29,,,1368,NO
432,8,29,,,1368,NO
433,10,29,,,1368,NO
434,18,29,,,1368,NO
435,23,29,,,1368,NO
436,1,33,,,1733,NO
437,4,33,,,1733,NO
438,8,33,,,1733,NO
439,10,33,,,1733,NO
440,18,33,,,1733,NO
441,23,33,,,1733,NO
442,25,33,,,1733,NO
443,26,33,,,1733,NO
444,27,33,,,1733,NO
445,34,33,,,1733,NO
446,37,33,,,1733,NO
447,38,33,,,1733,NO
448,42,65,,,0,SI
449,43,65,,,0,SI
450,41,33,,,1733,NO
451,46,33,,,1733,NO
452,48,33,,,1733,NO
453,49,33,,,1733,NO
454,51,33,,,1733,NO
455,53,33,,,1733,NO
456,1,34,,,1825,NO
457,8,34,,,1825,NO
458,23,34,,,1825,NO
459,27,34,,,1825,NO
460,34,34,,,1825,NO
461,46,34,,,1825,NO
462,53,34,,,1825,NO
463,54,34,,,1825,NO
464,1,35,,,2190,NO
465,8,35,,,2190,NO
466,18,35,,,2190,NO
467,23,35,,,2190,NO
468,25,35,,,2190,NO
469,26,35,,,2190,NO
470,27,35,,,2190,NO
471,34,35,,,2190,NO
472,38,35,,,2190,NO
473,41,35,,,2190,NO
474,46,35,,,2190,NO
475,53,35,,,2190,NO
476,54,35,,,2190,NO
477,1,36,,,2555,NO
478,8,36,,,2555,NO
479,18,36,,,2555,NO
480,23,36,,,2555,NO
481,25,36,,,2555,NO
482,26,36,,,2555,NO
483,27,36,,,2555,NO
484,34,36,,,2555,NO
485,38,36,,,2555,NO
486,41,36,,,2555,NO
487,46,36,,,2555,NO
488,53,36,,,2555,NO
489,54,36,,,2555,NO
490,1,1,,,2,NO
491,4,1,,,2,NO
492,8,1,,,2,NO
493,10,1,,,2,NO
494,18,1,,,2,NO
495,22,1,,,2,NO
496,25,1,,,2,NO
497,26,1,,,2,NO
498,27,1,,,2,NO
499,34,1,,,2,NO
500,37,1,,,2,NO
501,38,1,,,2,NO
502,41,1,,,2,NO
503,48,1,,,2,NO
504,49,1,,,2,NO
505,51,1,,,2,NO
506,54,1,,,2,NO
507,1,2,,,7,NO
508,4,1,,,7,NO
509,8,1,,,7,NO
510,10,1,,,7,NO
511,18,1,,,7,NO
512,22,1,,,7,NO
513,25,1,,,7,NO
514,26,1,,,7,NO
515,27,1,,,7,NO
516,34,1,,,7,NO
517,37,1,,,7,NO
518,38,1,,,7,NO
519,46,1,,,7,NO
520,48,1,,,7,NO
521,49,1,,,7,NO
522,51,1,,,7,NO
523,54,1,,,7,NO
524,1,3,,,14,NO
525,4,3,,,14,NO
526,8,3,,,14,NO
527,10,3,,,14,NO
528,18,3,,,14,NO
529,22,3,,,14,NO
530,25,3,,,14,NO
531,26,3,,,14,NO
532,27,3,,,14,NO
533,34,3,,,14,NO
534,37,3,,,14,NO
535,38,3,,,14,NO
536,41,3,,,14,NO
537,46,3,,,14,NO
538,48,3,,,14,NO
539,49,3,,,14,NO
540,51,3,,,14,NO
541,54,3,,,14,NO
542,1,4,,,21,NO
543,4,4,,,21,NO
544,8,4,,,21,NO
545,10,4,,,21,NO
546,18,4,,,21,NO
547,22,4,,,21,NO
548,25,4,,,21,NO
549,26,4,,,21,NO
550,27,4,,,21,NO
551,34,4,,,21,NO
552,37,4,,,21,NO
553,38,4,,,21,NO
554,41,4,,,21,NO
555,46,4,,,21,NO
556,48,4,,,21,NO
557,49,4,,,21,NO
558,51,4,,,21,NO
559,54,4,,,21,NO
560,4,5,,,30,NO
561,8,5,,,30,NO
562,10,5,,,30,NO
563,18,5,,,30,NO
564,23,5,,,30,NO
565,25,5,,,30,NO
566,27,5,,,30,NO
567,34,5,,,30,NO
568,37,5,,,30,NO
569,38,5,,,30,NO
570,41,5,,,30,NO
571,46,5,,,30,NO
572,48,5,,,30,NO
573,49,5,,,30,NO
574,51,5,,,30,NO
575,54,5,,,30,NO
576,4,6,,,60,NO
577,8,6,,,60,NO
578,10,6,,,60,NO
579,18,6,,,60,NO
580,23,6,,,60,NO
581,25,6,,,60,NO
582,27,6,,,60,NO
583,37,6,,,60,NO
584,38,6,,,60,NO
585,41,6,,,60,NO
586,46,6,,,60,NO
587,48,6,,,60,NO
588,49,6,,,60,NO
589,51,6,,,60,NO
590,54,6,,,60,NO
591,4,7,,,91,NO
592,8,7,,,91,NO
593,10,7,,,91,NO
594,18,7,,,91,NO
595,23,7,,,91,NO
596,25,7,,,91,NO
597,27,7,,,91,NO
598,34,7,,,91,NO
599,37,7,,,91,NO
600,38,7,,,91,NO
601,41,7,,,91,NO
602,46,7,,,91,NO
603,48,7,,,91,NO
604,49,7,,,91,NO
605,51,7,,,91,NO
606,53,7,,,91,NO
607,4,8,,,121,NO
608,8,8,,,121,NO
609,10,8,,,121,NO
610,18,8,,,121,NO
611,23,8,,,121,NO
612,25,8,,,121,NO
613,27,8,,,121,NO
614,37,8,,,121,NO
615,38,8,,,121,NO
616,41,8,,,121,NO
617,46,8,,,121,NO
618,48,8,,,121,NO
619,49,8,,,121,NO
620,51,8,,,121,NO
621,53,8,,,121,NO
622,4,9,,,152,NO
623,8,9,,,152,NO
624,10,9,,,152,NO
625,18,9,,,152,NO
626,23,9,,,152,NO
627,25,9,,,152,NO
628,27,9,,,152,NO
629,34,9,,,152,NO
630,37,9,,,152,NO
631,38,9,,,152,NO
632,41,9,,,152,NO
633,46,9,,,152,NO
634,48,9,,,152,NO
635,49,9,,,152,NO
636,51,9,,,152,NO
637,53,9,,,152,NO
638,4,10,,,182,NO
639,10,10,,,182,NO
640,18,10,,,182,NO
641,23,10,,,182,NO
642,25,10,,,182,NO
643,27,10,,,182,NO
644,37,10,,,182,NO
645,38,10,,,182,NO
646,41,10,,,182,NO
647,46,10,,,182,NO
648,48,10,,,182,NO
649,49,10,,,182,NO
650,51,10,,,182,NO
651,53,10,,,182,NO
652,4,11,,,212,NO
653,8,11,,,212,NO
654,10,11,,,212,NO
655,18,11,,,212,NO
656,23,11,,,212,NO
657,25,11,,,212,NO
658,27,11,,,212,NO
659,37,11,,,212,NO
660,38,11,,,212,NO
661,41,11,,,212,NO
662,46,11,,,212,NO
663,48,11,,,212,NO
664,49,11,,,212,NO
665,51,11,,,212,NO
666,53,11,,,212,NO
667,54,11,,,212,NO
668,4,12,,,243,NO
669,8,12,,,243,NO
670,10,12,,,243,NO
671,18,12,,,243,NO
672,23,12,,,243,NO
673,25,12,,,243,NO
674,27,12,,,243,NO
675,34,12,,,243,NO
676,37,12,,,243,NO
677,38,12,,,243,NO
678,41,12,,,243,NO
679,46,12,,,243,NO
680,48,12,,,243,NO
681,49,12,,,243,NO
682,51,12,,,243,NO
683,53,12,,,243,NO
684,4,13,,,273,NO
685,8,13,,,273,NO
686,10,13,,,273,NO
687,18,13,,,273,NO
688,23,13,,,273,NO
689,25,13,,,273,NO
690,27,13,,,273,NO
691,34,13,,,273,NO
692,37,13,,,273,NO
693,38,13,,,273,NO
694,41,13,,,273,NO
695,46,13,,,273,NO
696,48,13,,,273,NO
697,49,13,,,273,NO
698,51,13,,,273,NO
699,53,13,,,273,NO
700,4,14,,,304,NO
701,8,14,,,304,NO
702,10,14,,,304,NO
703,18,14,,,304,NO
704,23,14,,,304,NO
705,25,14,,,304,NO
706,27,14,,,304,NO
707,34,14,,,304,NO
708,37,14,,,304,NO
709,38,14,,,304,NO
710,41,14,,,304,NO
711,46,14,,,304,NO
712,48,14,,,304,NO
713,49,14,,,304,NO
714,51,14,,,304,NO
715,53,14,,,304,NO
716,4,15,,,334,NO
717,8,15,,,334,NO
718,10,15,,,334,NO
719,18,15,,,334,NO
720,23,15,,,334,NO
721,25,15,,,334,NO
722,27,15,,,334,NO
723,34,15,,,334,NO
724,37,15,,,334,NO
725,38,15,,,334,NO
726,41,15,,,334,NO
727,46,15,,,334,NO
728,48,15,,,334,NO
729,49,15,,,334,NO
730,51,15,,,334,NO
731,53,15,,,334,NO
732,4,16,,,365,NO
733,18,16,,,365,NO
734,23,16,,,365,NO
735,25,16,,,365,NO
736,27,16,,,365,NO
737,37,16,,,365,NO
738,38,16,,,365,NO
739,46,16,,,365,NO
740,49,16,,,365,NO
741,53,16,,,365,NO
742,4,17,,,425,NO
743,8,17,,,425,NO
744,10,17,,,425,NO
745,18,17,,,425,NO
746,23,17,,,425,NO
747,25,17,,,425,NO
748,27,17,,,425,NO
749,37,17,,,425,NO
750,38,17,,,425,NO
751,41,17,,,425,NO
752,46,17,,,425,NO
753,48,17,,,425,NO
754,49,17,,,425,NO
755,51,17,,,425,NO
756,53,17,,,425,NO
757,4,18,,,486,NO
758,8,18,,,486,NO
759,10,18,,,486,NO
760,18,18,,,486,NO
761,23,18,,,486,NO
762,25,18,,,486,NO
763,27,18,,,486,NO
764,37,18,,,486,NO
765,38,18,,,486,NO
766,41,18,,,486,NO
767,46,18,,,486,NO
768,48,18,,,486,NO
769,49,18,,,486,NO
770,51,18,,,486,NO
771,53,18,,,486,NO
772,54,19,,,547,NO
773,4,20,,,608,NO
774,8,20,,,608,NO
775,10,20,,,608,NO
776,18,20,,,608,NO
777,23,20,,,608,NO
778,25,20,,,608,NO
779,27,20,,,608,NO
780,34,20,,,608,NO
781,37,20,,,608,NO
782,38,20,,,608,NO
783,41,20,,,608,NO
784,46,20,,,608,NO
785,48,20,,,608,NO
786,49,20,,,608,NO
787,51,20,,,608,NO
788,53,20,,,608,NO
789,4,21,,,669,NO
790,8,21,,,669,NO
791,10,21,,,669,NO
792,18,21,,,669,NO
793,23,21,,,669,NO
794,25,21,,,669,NO
795,27,21,,,669,NO
796,34,21,,,669,NO
797,37,21,,,669,NO
798,38,21,,,669,NO
799,41,21,,,669,NO
800,46,21,,,669,NO
801,48,21,,,669,NO
802,49,21,,,669,NO
803,51,21,,,669,NO
804,53,21,,,669,NO
805,23,24,,,912,NO
806,25,24,,,912,NO
807,27,24,,,912,NO
808,34,24,,,912,NO
809,38,24,,,912,NO
810,41,24,,,912,NO
811,46,24,,,912,NO
812,48,24,,,912,NO
813,51,24,,,912,NO
814,53,24,,,912,NO
815,1,25,,,1003,NO
816,4,25,,,1003,NO
817,8,25,,,1003,NO
818,10,25,,,1003,NO
819,18,25,,,1003,NO
820,23,25,,,1003,NO
821,25,25,,,1003,NO
822,26,25,,,1003,NO
823,27,25,,,1003,NO
824,34,25,,,1003,NO
825,37,25,,,1003,NO
826,38,25,,,1003,NO
827,41,25,,,1003,NO
828,46,25,,,1003,NO
829,48,25,,,1003,NO
830,49,25,,,1003,NO
831,51,25,,,1003,NO
832,53,25,,,1003,NO
833,23,26,,,1095,NO
834,27,26,,,1095,NO
835,34,26,,,1095,NO
836,46,26,,,1095,NO
837,53,26,,,1095,NO
838,25,29,,,1368,NO
839,26,29,,,1368,NO
840,27,29,,,1368,NO
841,34,29,,,1368,NO
842,37,29,,,1368,NO
843,38,29,,,1368,NO
844,41,29,,,1368,NO
845,46,29,,,1368,NO
846,48,29,,,1368,NO
847,49,29,,,1368,NO
848,51,29,,,1368,NO
849,53,29,,,1368,NO
850,23,30,,,1460,NO
851,27,30,,,1460,NO
852,46,30,,,1460,NO
853,53,30,,,1460,NO
854,1,31,,,1551,NO
855,4,31,,,1551,NO
856,6,31,,,1551,NO
857,8,31,,,1551,NO
858,10,31,,,1551,NO
859,18,31,,,1551,NO
860,22,31,,,1551,NO
861,23,31,,,1551,NO
862,25,31,,,1551,NO
863,26,31,,,1551,NO
864,27,31,,,1551,NO
865,29,31,,,1551,NO
866,34,31,,,1551,NO
867,37,31,,,1551,NO
868,38,31,,,1551,NO
869,41,31,,,1551,NO
870,44,31,,,1551,NO
871,46,31,,,1551,NO
872,48,31,,,1551,NO
873,49,31,,,1551,NO
874,51,31,,,1551,NO
875,53,31,,,1551,NO
876,54,31,,,1551,NO
877,4,32,,,1642,NO
878,8,32,,,1642,NO
879,10,32,,,1642,NO
880,18,32,,,1642,NO
881,23,32,,,1642,NO
882,25,32,,,1642,NO
883,26,32,,,1642,NO
884,27,32,,,1642,NO
885,34,32,,,1642,NO
886,37,32,,,1642,NO
887,38,32,,,1642,NO
888,41,32,,,1642,NO
889,46,32,,,1642,NO
890,48,32,,,1642,NO
891,49,32,,,1642,NO
892,51,32,,,1642,NO
893,53,32,,,1642,NO
894,1,37,,,2920,NO
895,8,37,,,2920,NO
896,18,37,,,2920,NO
897,23,37,,,2920,NO
898,25,37,,,2920,NO
899,26,37,,,2920,NO
900,34,37,,,2920,NO
901,41,37,,,2920,NO
902,46,37,,,2920,NO
903,53,37,,,2920,NO
904,54,37,,,2920,NO
905,1,38,,,3285,NO
906,8,38,,,3285,NO
907,18,38,,,3285,NO
908,23,38,,,3285,NO
909,25,38,,,3285,NO
910,26,38,,,3285,NO
911,34,38,,,3285,NO
912,41,38,,,3285,NO
913,46,38,,,3285,NO
914,53,38,,,3285,NO
915,54,38,,,3285,NO
916,1,39,,,3650,NO
917,8,39,,,3650,NO
918,18,39,,,3650,NO
919,23,39,,,3650,NO
920,25,39,,,3650,NO
921,26,39,,,3650,NO
922,41,39,,,3650,NO
923,46,39,,,3650,NO
924,53,39,,,3650,NO
925,54,39,,,3650,NO
926,1,40,,,4015,NO
927,8,40,,,4015,NO
928,18,40,,,4015,NO
929,23,40,,,4015,NO
930,25,40,,,4015,NO
931,26,40,,,4015,NO
932,34,40,,,4015,NO
933,41,40,,,4015,NO
934,46,40,,,4015,NO
935,53,40,,,4015,NO
936,54,40,,,4015,NO
937,21,42,1,,0,SI
938,17,42,2,"solo en adolescente de 15,16 y 17 años",0,SI
939,3,66,2,,0,SI
940,21,41,1,,0,SI
941,29,41,2,,0,SI
942,28,42,3,,0,SI
943,21,43,1,,0,SI
944,31,42,4,,0,SI
945,18,41,3,,0,SI
946,25,41,4,,0,SI
947,30,41,5,,0,SI
948,2,42,5,"15,16 y 17 años",0,SI
949,17,43,2,"solo en adolescente de 15,16 y 17 años",0,SI
950,15,41,6,,0,SI
951,16,41,7,,0,SI
952,12,42,6,"15,16 y 17 años (solo en mujeres que ya iniciaron actividad sexual)",0,SI
953,44,43,3,,0,SI
954,17,41,8,"solo en adolescente de 15,16 y 17 años",0,SI
955,48,42,7,,0,SI
956,27,42,8,,0,SI
957,4,41,10,"12,13 y 14 años",0,SI
958,37,41,11,,0,SI
959,47,42,9,,0,SI
960,49,41,12,,0,SI
961,35,42,10,,0,SI
962,48,41,13,,0,SI
963,34,41,14,,0,SI
964,6,42,11,,0,SI
965,6,43,5,,0,SI
966,43,66,1,Planificacion en grupo 1 vez al año,0,SI
967,6,41,15,,0,SI
968,44,42,12,,0,SI
969,51,43,6,,0,SI
970,44,41,16,,0,SI
971,51,42,13,2 veces al año ,0,SI
972,21,44,1,,0,SI
973,21,45,1,,0,SI
974,29,44,2,,0,SI
975,3,67,2,,0,SI
976,17,44,2,,0,SI
977,18,44,3,,0,SI
978,48,44,4,,0,SI
979,6,46,3,,0,SI
980,25,44,4,,0,SI
981,30,44,5,,0,SI
982,31,46,6,,0,SI
983,47,45,5,,0,SI
984,2,44,7,,0,SI
985,17,46,2,,0,SI
986,17,45,8,,0,SI
987,15,46,9,,0,SI
988,35,45,6,,0,SI
989,21,46,1,,0,SI
990,14,46,10,,0,SI
991,12,46,11,,0,SI
992,16,46,12,,0,SI
993,34,44,13,,0,SI
994,6,44,14,,0,SI
995,4,45,7,,0,SI
996,37,44,8,,0,SI
997,43,67,1,,0,SI
998,44,44,15,,0,SI
999,6,45,9,,0,SI
1000,44,46,5,,0,SI
1001,49,44,9,,0,SI
1002,44,45,10,,0,SI
1003,51,45,11,,0,SI
1004,21,48,1,,0,SI
1005,21,47,1,,0,SI
1006,3,68,2,,0,SI
1007,48,47,2,,0,SI
1008,29,47,2,,0,SI
1009,47,47,3,,0,SI
1010,21,49,1,,0,SI
1011,18,47,3,,0,SI
1012,25,47,4,,0,SI
1013,30,47,5,,0,SI
1014,45,47,6,,0,SI
1015,17,47,7,,0,SI
1016,15,47,8,,0,SI
1017,31,47,9,,0,SI
1018,2,49,10,solo mujeres ,0,SI
1019,35,47,4,,0,SI
1020,6,49,2,,0,SI
1021,14,47,11,,0,SI
1022,12,47,12,,0,SI
1023,13,47,13,,0,SI
1024,16,47,14,,0,SI
1025,34,47,15,,0,SI
1026,4,48,5,,0,SI
1027,37,48,6,,0,SI
1028,49,48,7,,0,SI
1029,43,68,1,,0,SI
1030,6,47,16,,0,SI
1031,6,48,8,,0,SI
1032,44,49,3,,0,SI
1033,44,47,17,,0,SI
1034,34,48,9,,0,SI
1035,44,48,10,,0,SI
1036,51,48,11,,0,SI
1037,51,49,4,,0,SI
1038,21,51,1,,0,SI
1039,3,69,2,,0,SI
1040,45,52,2,,0,SI
1041,21,50,1,,0,SI
1042,17,51,3,,0,SI
1043,21,52,1,,0,SI
1044,29,50,2,,0,SI
1045,18,52,3,,0,SI
1046,25,50,4,,0,SI
1047,30,50,5,,0,SI
1048,48,51,4,,0,SI
1049,50,50,6,,0,SI
1050,15,50,7,,0,SI
1051,47,51,5,,0,SI
1052,50,52,2,,0,SI
1053,45,50,8,,0,SI
1054,12,51,9,,0,SI
1055,14,50,10,,0,SI
1056,13,50,11,,0,SI
1057,35,51,6,,0,SI
1058,4,50,7,,0,SI
1059,37,50,8,,0,SI
1060,43,69,1,,0,SI
1061,49,50,9,,0,SI
1062,45,52,3,,0,SI
1063,6,51,10,,0,SI
1064,6,52,4,,0,SI
1065,6,50,12,,0,SI
1066,34,51,11,,0,SI
1067,44,52,5,,0,SI
1068,44,51,12,,0,SI
1069,34,50,13,,0,SI
1070,51,51,13,,0,SI
1071,51,52,6,,0,SI
1072,24,53,1,,0,SI
1073,47,54,10,,0,SI
1074,29,53,2,,0,SI
1075,52,54,8,Acido Fólico (hasta 13 ss.),0,SI
1076,52,55,8,Acido Fólico (hasta 13 ss.),0,SI
1077,24,63,1,,0,SI
1078,33,53,3,,0,SI
1079,32,53,4,"examenes laboratorio:7,23,24,31,58,perfil 8,perfil12, perfil 17",0,SI
1080,5,54,4,,0,SI
1081,5,55,4,,0,SI
1082,12,53,5,entre las 28 y 33 sem de gest,0,SI
1083,6,54,12,,0,SI
1084,6,55,11,,0,SI
1085,7,70,1,,0,SI
1086,24,56,1,,0,SI
1087,9,57,3,,0,SI
1088,9,58,4,,0,SI
1089,24,59,1,,0,SI
1090,9,60,3,,0,SI
1091,24,61,1,,0,SI
1092,9,62,3,,0,SI
1093,33,56,2,,0,SI
1094,11,57,4,,0,SI
1095,11,58,5,,0,SI
1096,33,59,2,,0,SI
1097,11,60,4,,0,SI
1098,33,61,2,,0,SI
1099,11,62,4,,0,SI
1100,14,53,6,entre las 28 y 33 sem de gest,0,SI
1101,5,53,7,,0,SI
1102,36,53,8,,0,SI
1103,19,55,9,,0,SI
1104,19,58,10,,0,SI
1105,20,53,9,,0,SI
1106,20,54,6,,0,SI
1107,20,55,6,,0,SI
1108,11,56,3,,0,SI
1109,20,57,6,,0,SI
1110,20,58,7,,0,SI
1111,40,53,10,Esto se indica a partir de las 12 semanas de EG,0,SI
1112,24,54,1,,0,SI
1113,24,55,1,,0,SI
1114,9,56,4,,0,SI
1115,24,57,1,,0,SI
1116,24,58,1,,0,SI
1117,9,59,3,,0,SI
1118,24,60,1,,0,SI
1119,9,61,3,,0,SI
1120,24,62,1,,0,SI
1121,52,53,11,Acido Fólico (hasta 13 ss.),0,SI
1122,29,54,2,,0,SI
1123,33,63,2,,0,SI
1124,19,53,12,,0,SI
1125,32,55,3,"examenes laboratorio:7,23,24,31,58,perfil12, perfil 17 (el perfil 8 ya no se hace)",0,SI
1126,32,58,3,"examenes laboratorio:7,23,24,31,58,perfil12, perfil 17 (el perfil 8 ya no se hace)",0,SI
1127,48,53,13,,0,SI
1128,33,54,3,,0,SI
1129,33,55,2,,0,SI
1130,39,56,5,,0,SI
1131,33,57,2,,0,SI
1132,33,58,2,,0,SI
1133,11,59,4,,0,SI
1134,33,60,2,,0,SI
1135,11,61,4,,0,SI
1136,33,62,2,,0,SI
1137,31,63,3,,0,SI
1138,24,64,1,,0,SI
1139,34,55,12,solo DT 16 ( apartir de las 16  sem),0,SI
1140,36,56,6,,0,SI
1141,34,57,10,"Influenza
(a partir 20 ss.) y DT 16 ( apartir de las 16  sem)",0,SI
1142,34,58,11,"Influenza
(a partir 20 ss.) y DT 16 ( apartir de las 16  sem)",0,SI
1143,39,59,5,,0,SI
1144,34,60,7,"Influenza
(a partir 20 ss.) y DT 16 ( apartir de las 16  sem)",0,SI
1145,39,61,5,,0,SI
1146,34,62,8,"Influenza
(a partir 20 ss.) y DT 16 ( apartir de las 16  sem)",0,SI
1147,47,53,14,,0,SI
1148,35,54,11,,0,SI
1149,35,55,10,,0,SI
1150,20,56,7,,0,SI
1151,35,57,9,,0,SI
1152,35,58,12,,0,SI
1153,52,59,6,SOFe + Ac. Fólico ( apartir de las 14 sem) y Calcio (apartir de 20 ss.),0,SI
1154,35,60,8,,0,SI
1155,52,61,6,SOFe + Ac. Fólico ( apartir de las 14 sem) y Calcio (apartir de 20 ss.),0,SI
1156,35,62,7,,0,SI
1157,35,53,15,,0,SI
1158,36,54,5,,0,SI
1159,36,55,5,,0,SI
1160,40,56,8,Esto se indica a partir de las 12 semanas de EG,0,SI
1161,4,53,16,,0,SI
1162,52,56,9,SOFe + Ac. Fólico ( apartir de las 14 sem) y Calcio (apartir de 20 ss.),0,SI
1163,39,57,5,,0,SI
1164,39,58,6,,0,SI
1165,34,59,7,"Influenza
(a partir 20 ss.) y DT 16 ( apartir de las 16  sem)",0,SI
1166,39,60,5,,0,SI
1167,35,61,7,,0,SI
1168,39,62,5,,0,SI
1169,37,53,17,,0,SI
1170,40,54,7,Esto se indica a partir de las 12 semanas de EG,0,SI
1171,40,55,7,Esto se indica a partir de las 12 semanas de EG,0,SI
1172,34,56,10,"Influenza
(a partir 20 ss.) y DT 16 ( apartir de las 16  sem)",0,SI
1173,40,57,7,Esto se indica a partir de las 12 semanas de EG,0,SI
1174,40,58,8,Esto se indica a partir de las 12 semanas de EG,0,SI
1175,49,53,18,,0,SI
1176,44,54,13,,0,SI
1177,44,55,13,,0,SI
1178,35,56,11,,0,SI
1179,44,57,11,,0,SI
1180,44,58,13,,0,SI
1181,35,59,8,,0,SI
1182,44,60,9,,0,SI
1183,34,61,8,"Influenza
(a partir 20 ss.) y DT 16 ( apartir de las 16  sem)",0,SI
1184,44,62,9,,0,SI
1185,2,63,4,,0,SI
1186,33,64,2,,0,SI
1187,6,53,19,,0,SI
1188,48,54,9,,0,SI
1189,44,53,20,,0,SI
1190,51,53,21,durante la gestación,0,SI
1191,44,56,12,,0,SI
1192,44,59,9,,0,SI
1193,44,61,9,,0,SI
1194,52,63,5,,0,SI
1195,52,64,3,,0,SI
1196,44,63,6,,0,SI
1197,44,64,5,,0,SI
1198,51,56,13,durante la gestación,0,SI
1199,51,61,10,durante la gestación,0,SI
1200,52,62,6,SOFe + Ac. Fólico ( apartir de las 14 sem) y Calcio (apartir de 20 ss.),0,SI
1201,52,60,6,SOFe + Ac. Fólico ( apartir de las 14 sem) y Calcio (apartir de 20 ss.),0,SI
1202,52,57,8,SOFe + Ac. Fólico ( apartir de las 14 sem) y Calcio (apartir de 20 ss.),0,SI
1203,51,59,10,durante la gestación,0,SI
1204,52,58,9,SOFe + Ac. Fólico ( apartir de las 14 sem) y Calcio (apartir de 20 ss.),0,SI
1205,51,63,7,"Al segundo día del alta
",0,SI
1206,51,64,6, al 10mo y 12vo dia despues del parto,0,SI
1207,3,70,,,0,SI
1208,43,70,,,0,SI
